{"IcoMoonType":"selection","icons":[{"icon":{"paths":["M713.143 73.143c90.857 0 164.571 73.714 164.571 164.571v548.571c0 90.857-73.714 164.571-164.571 164.571h-107.429v-340h113.714l17.143-132.571h-130.857v-84.571c0-38.286 10.286-64 65.714-64l69.714-0.571v-118.286c-12-1.714-53.714-5.143-101.714-5.143-101.143 0-170.857 61.714-170.857 174.857v97.714h-114.286v132.571h114.286v340h-304c-90.857 0-164.571-73.714-164.571-164.571v-548.571c0-90.857 73.714-164.571 164.571-164.571h548.571z"],"width":877.7142857142857,"attrs":[],"isMulticolor":false,"isMulticolor2":false,"tags":["facebook-square"],"defaultCode":61570,"grid":14},"attrs":[],"properties":{"name":"fb","id":123,"order":6,"prevSize":28,"code":61570},"setIdx":0,"setId":1,"iconIdx":123},{"icon":{"paths":["M925.714 233.143c-25.143 36.571-56.571 69.143-92.571 95.429 0.571 8 0.571 16 0.571 24 0 244-185.714 525.143-525.143 525.143-104.571 0-201.714-30.286-283.429-82.857 14.857 1.714 29.143 2.286 44.571 2.286 86.286 0 165.714-29.143 229.143-78.857-81.143-1.714-149.143-54.857-172.571-128 11.429 1.714 22.857 2.857 34.857 2.857 16.571 0 33.143-2.286 48.571-6.286-84.571-17.143-148-91.429-148-181.143v-2.286c24.571 13.714 53.143 22.286 83.429 23.429-49.714-33.143-82.286-89.714-82.286-153.714 0-34.286 9.143-65.714 25.143-93.143 90.857 112 227.429 185.143 380.571 193.143-2.857-13.714-4.571-28-4.571-42.286 0-101.714 82.286-184.571 184.571-184.571 53.143 0 101.143 22.286 134.857 58.286 41.714-8 81.714-23.429 117.143-44.571-13.714 42.857-42.857 78.857-81.143 101.714 37.143-4 73.143-14.286 106.286-28.571z"],"width":950.8571428571428,"attrs":[],"isMulticolor":false,"isMulticolor2":false,"tags":["twitter"],"defaultCode":61593,"grid":14},"attrs":[],"properties":{"name":"tw","id":145,"order":7,"prevSize":28,"code":61593},"setIdx":0,"setId":1,"iconIdx":145},{"icon":{"paths":["M853.714 936.571l-168.571-397.143c-66.857 130.857-140.571 267.429-204 397.143-0.571 0.571-30.857 0-30.857-0.571-96.571-225.714-197.714-449.714-294.286-676-23.429-54.857-101.714-144-155.429-143.429 0-6.286-0.571-20.571-0.571-29.143h333.143v28.571c-39.429 2.286-108.571 27.429-89.143 70.286 45.143 102.286 213.143 494.286 258.286 593.714 30.857-61.143 118.857-224.571 154.857-293.714-28.571-58.286-120.571-275.429-149.714-329.143-20-36.571-74.286-40-114.857-40.571v-28.571l293.143 0.571v26.857c-40 1.143-78.286 16-60.571 53.714 38.857 82.286 62.857 140 98.857 215.429 11.429-22.286 71.429-142.857 98.857-207.429 18.286-42.286-8-58.857-79.429-60.571 0.571-7.429 0-21.143 0.571-28 91.429-0.571 228.571-0.571 253.143-1.143v28c-46.286 1.714-94.286 26.286-119.429 65.143l-121.714 252.571c13.143 33.143 130.286 293.714 142.286 322.286l252-581.143c-17.714-47.429-74.857-57.714-97.143-58.286v-28.571l262.857 2.286 0.571 1.143-0.571 25.143c-57.714 1.714-92.571 32.571-114.857 82.857-51.429 118.857-212.571 493.714-319.429 737.714h-28z"],"width":1316.5714285714284,"attrs":[],"isMulticolor":false,"isMulticolor2":false,"tags":["wikipedia-w"],"defaultCode":62054,"grid":14},"attrs":[],"properties":{"name":"wikipedia","id":560,"order":9,"prevSize":28,"code":62054},"setIdx":0,"setId":1,"iconIdx":560},{"icon":{"paths":["M810 274l-238 238 238 238-60 60-238-238-238 238-60-60 238-238-238-238 60-60 238 238 238-238z"],"attrs":[],"isMulticolor":false,"isMulticolor2":false,"tags":["clear, close"],"grid":24},"attrs":[],"properties":{"order":8,"ligatures":"clear, close","id":153,"prevSize":24,"code":59648,"name":"close"},"setIdx":1,"setId":0,"iconIdx":153},{"icon":{"paths":["M406 598q80 0 136-56t56-136-56-136-136-56-136 56-56 136 56 136 136 56zM662 598l212 212-64 64-212-212v-34l-12-12q-76 66-180 66-116 0-197-80t-81-196 81-197 197-81 196 81 80 197q0 42-20 95t-46 85l12 12h34z"],"attrs":[],"isMulticolor":false,"isMulticolor2":false,"tags":["search"],"grid":24},"attrs":[],"properties":{"order":5,"ligatures":"search","id":789,"prevSize":24,"code":59649,"name":"search"},"setIdx":1,"setId":0,"iconIdx":789},{"icon":{"paths":["M810 128h172v512h-172v-512zM640 128q34 0 60 26t26 60v426q0 34-26 60l-280 282-46-46q-18-18-18-44v-14l42-196h-270q-34 0-60-25t-26-59v-86q0-16 6-32l130-300q20-52 78-52h384z"],"attrs":[],"isMulticolor":false,"isMulticolor2":false,"tags":["thumb_down"],"grid":24},"attrs":[],"properties":{"order":3,"ligatures":"thumb_down","id":820,"prevSize":24,"code":59650,"name":"thumb_down"},"setIdx":1,"setId":0,"iconIdx":820},{"icon":{"paths":["M982 426v86q0 16-6 32l-130 300q-20 52-78 52h-384q-34 0-60-26t-26-60v-426q0-34 26-60l280-282 46 46q18 18 18 44v14l-42 196h270q34 0 60 25t26 59zM42 896v-512h172v512h-172z"],"attrs":[],"isMulticolor":false,"isMulticolor2":false,"tags":["thumb_up"],"grid":24},"attrs":[],"properties":{"order":4,"ligatures":"thumb_up","id":821,"prevSize":24,"code":59651,"name":"thumb_up"},"setIdx":1,"setId":0,"iconIdx":821}],"height":1024,"metadata":{"name":"icomoon"},"preferences":{"showGlyphs":true,"showQuickUse":true,"showQuickUse2":true,"showSVGs":true,"fontPref":{"prefix":"icon-","metadata":{"fontFamily":"icomoon"},"metrics":{"emSize":1024,"baseline":6.25,"whitespace":50},"embed":false},"imagePref":{"prefix":"icon-","png":true,"useClassSelector":true,"color":0,"bgColor":16777215,"classSelector":".icon"},"historySize":50,"showCodes":true,"gridSize":16}}